0,11,3298.5,6514.8
0,10,741.007,9073.13
0,9,7884.93,4148.2,1
0,8,5286.52,3425.26,0
0,7,6615.61,3360.45
0,6,9751.49,7793.72
0,5,5153.58,197.524
0,4,5943.24,9285.93
0,3,9153.39,309.722
0,2,7262.49,5837.44
1,11,3191.93,6609.38
1,10,361.813,9432.44
1,9,7557.63,4462.62,1
1,8,5190.24,3550.43,0
1,7,6524.68,3481.88
1,6,9618.65,7898.66
1,5,4837.59,446.02
1,4,5858.46,9393.42
1,3,9035.01,404.851
1,2,7169.32,5973.93
2,11,3087.72,6706.56
2,10,361.813,9432.44
2,9,7222.25,4768.43,1
2,8,5088.43,3671.15,0
2,7,6416.41,3588.15
2,6,9504.99,8024.11
2,5,4565.47,741.912
2,4,5772.55,9499.99
2,3,8939.39,522.832
2,2,7062.01,6099.61
3,11,3000.02,6818.87
3,10,407.157,8912.02
3,9,6968.22,5144.54,1
3,8,4985.08,3790.56,0
3,7,6301.8,3687.53
3,6,9398.49,8155.71
3,5,4322.3,1062.02
3,4,5668.95,9589.47
3,3,8843.19,640.342
3,2,6946.82,6218.11
4,11,2888.92,6908.09
4,10,928.493,8878.85
4,9,6686.01,5499.99,1
4,8,4868.29,3896.86,0
4,7,6198.46,3798.6
4,6,9278.31,8274.94
4,5,4027.35,1335.17
4,4,5570.72,9684.82
4,3,8736.33,748.25
4,2,6842.25,6346.09
5,11,2782.5,7002.84
5,10,1007.51,8362.47
5,9,6414.11,5863.39,1
5,8,4747.66,3998.78,0
5,7,6078.59,3891.58
5,6,9167.61,8403.02
5,5,3711.38,1583.69
5,4,5479.75,9787.12
5,3,8628.35,855.043
5,2,6741.9,6477.39
6,11,2671.26,7091.88
6,10,1331.76,8772.06
6,9,6079.75,6170.31,1
6,8,4629.71,4103.78,0
6,7,5971.52,3999.05
6,6,9075.3,8544.92
6,5,3428.74,1869.56
6,4,5377.89,9878.57
6,3,8512.2,952.876
6,2,6652.7,6616.52
7,11,2574.33,7196.32
7,10,1688.22,9153.93
7,9,5703.89,6424.71,1
7,8,4502.47,4197.33,0
7,7,5866.81,4108.82
7,6,8941.97,8649.24
7,5,3183.19,2187.85
7,4,5306.29,9995.25
7,3,8416.87,1071.09
7,2,6534.25,6731.75
8,11,2479.3,7302.5
8,10,1916.02,8683.83
8,9,5359.24,6720.02,1
8,8,4386.95,4305,0
8,7,5782.94,4235.23
8,6,8832,8777.95
8,5,2943.2,2510.35
8,4,5306.29,9995.25
8,3,8312.75,1181.65
8,2,6424.89,6855.66
9,11,2367.04,7390.26
9,10,2437.82,8659
9,9,5100.75,7093.08,1
9,8,4277.47,4418.82,0
9,7,5680.37,4347
9,6,8716.18,8901.41
9,5,2719.02,2844.03
9,4,5351.7,9866.1
9,3,8235.15,1312.2
9,2,6306.87,6971.34
10,11,2256.63,7480.33
10,10,2510.61,8141.71
10,9,4799.75,7432.78,1
10,8,4159.37,4523.65,0
10,7,5570.21,4451.3
10,6,8577.47,8998.47
10,5,2403.26,3092.83
10,4,5290.44,9988.52
10,3,8124.96,1416.7
10,2,6195.99,7093.89
11,11,2173.2,7595.85
11,10,2416.12,7627.93
11,9,4464.02,7738.19,1
11,8,4049.38,4636.97,0
11,7,5457.75,4553.13
11,6,8463.55,9123.69
11,5,2069.78,3317.31
11,4,5290.44,9988.52
11,3,8020.22,1526.67
11,2,6079.03,7210.64
12,11,2063.72,7687.04
12,10,2744.59,7221.73
12,9,4108.85,8020.76,1
12,8,3951.25,4760.7,0
12,7,5342.46,4651.73
12,6,8350.59,9249.78
12,5,1774.18,3589.76
12,4,5290.44,9988.52
12,3,7915.37,1636.53
12,2,5967.89,7332.95
13,11,1967.11,7791.78
13,10,3051.7,6799.15
13,9,3746.84,8294.52,1
13,8,3850.13,4882.01,0
13,7,5246.65,4769.34
13,6,8230.55,9369.15
13,5,1494.15,3878.17
13,4,5290.44,9988.52
13,3,7795.9,1730.29
13,2,5842.08,7440.11
14,11,1846.62,7867.84
14,10,3403.25,6412.75
14,9,3407.53,8595.94,1
14,8,3727.39,4981.37,0
14,7,5140.05,4877.28
14,6,8120.48,9497.77
14,5,1172.85,4119.77
14,4,5290.44,9988.52
14,3,7686.24,1835.35
14,2,5722.4,7554.07
15,11,1758.73,7980
15,10,3876.13,6190.77
15,9,3069.71,8899.04,1
15,8,3628.33,5104.36,0
15,7,5032.36,4984.13
15,6,7991.04,9606.88
15,5,865.341,4378.69
15,4,5290.44,9988.52
15,3,7580.03,1943.9
15,2,5602.66,7667.98
16,11,1663.83,8086.29
16,10,4014.03,5686.91
16,9,2790.9,9257.17,1
16,8,3516.35,5215.72,0
16,7,4927.72,5093.97
16,6,7880.26,9734.88
16,5,633.567,4707.15
16,4,5290.44,9988.52
16,3,7485.68,2062.9
16,2,5477.78,7776.22
17,11,1579.33,8201.02
17,10,4492.5,5896.57
17,9,2507.97,9612.06,1
17,8,3408.54,5331.11,0
17,7,4824.29,5204.95
17,6,7748.3,9840.94
17,5,349.959,4992.05
17,4,5290.44,9988.52
17,3,7385.13,2176.71
17,2,5350.7,7881.87
18,11,1462.54,8282.65
18,10,4598.7,5385.09
18,9,2200.24,9945.66,1
18,8,3289.58,5434.97,0
18,7,4723.13,5318
18,6,7643.69,9974.04
18,5,74.58,5284.91
18,4,5290.44,9988.52
18,3,7271.89,2277.91
18,2,5244.85,8008.78
19,11,1351.51,8371.96
19,10,5079.04,5590.43
19,9,2200.24,9945.66,1
19,8,3200.51,5565.37,0
19,7,4601.29,5408.39
19,6,7643.69,9974.04
19,5,74.58,5284.91
19,4,5405.06,9913.67
19,3,7144.63,2360.78
19,2,5131.79,8129.32
20,11,1246.08,8467.81
20,10,5312.49,6057.75
20,9,2200.24,9945.66,1
20,8,3066.01,5648.13,0
20,7,4488.1,5509.38
20,6,7720.58,9823.22
20,5,375.738,5018.63
20,4,5374.96,9780.13
20,3,7038.14,2469.05
20,2,5016.8,8248.01
21,11,1143.49,8566.7
21,10,5446.23,5552.77
21,9,2200.24,9945.66,1
21,8,2949.71,5754.97,0
21,7,4378,5613.75
21,6,7805.85,9676.97
21,5,648.123,4722.98
21,4,5388.16,9643.87
21,3,6959.62,2599.05
21,2,4891.99,8356.34
22,11,1048.6,8673
22,10,5410.98,5031.57
22,9,2460.95,9574.15,1
22,8,2825.56,5852.57,0
22,7,4272.37,5722.64
22,6,7879.94,9524.75
22,5,498.663,4349.8
22,4,5382.06,9507.12
22,3,6863,2716.22
22,2,4773.71,8471.76
23,11,947.792,8773.7
23,10,5525.62,4521.92
23,9,2743.18,9218.71,1
23,8,2702.31,5951.31,0
23,7,4177.48,5841
23,6,7995.2,9400.76
23,5,845.889,4147.22
23,4,5513.29,9468.15
23,3,6756.24,2824.23
23,2,4649.97,8581.3
24,11,839.961,8866.85
24,10,5561.9,4000.79
24,9,2654.04,8773.69,1
24,8,2579.21,6050.23,0
24,7,4060.84,5938
24,6,8064.77,9246.43
24,5,1247.89,4148.25
24,4,5546.59,9600.93
24,3,6658.34,2940.33
24,2,4536.32,8701.28
25,11,727.496,8954.34
25,10,5673.36,3490.42
25,9,3089.8,8900.57,1
25,8,2472.56,6166.7,0
25,7,3959.55,6050.94
25,6,8227.43,9199.53
25,5,1569.34,4389.65
25,4,5645.94,9506.75
25,3,6567.08,3061.71
25,2,4424.91,8823.34
26,11,633.293,9061.25
26,10,5666.16,2968.08
26,9,2966.21,8463.86,1
26,8,2368.05,6285.09,0
26,7,3848.18,6153.94
26,6,8353.32,9086.34
26,5,1925.72,4203.65
26,4,5628.1,9642.48
26,3,6477.02,3183.99
26,2,4319.78,8950.85
27,11,545.506,9173.48
27,10,5905.44,2503.71
27,9,3085.55,8025.97,1
27,8,2253.9,6394.22,0
27,7,3745.85,6265.94
27,6,8393.02,8921.77
27,5,2173.34,4520.33
27,4,5651.37,9777.38
27,3,6368.61,3290.34
27,2,4215.44,9079.01
28,11,433.156,9261.12
28,10,6258.44,2888.78
28,9,3379.75,7680.37,1
28,8,2126.47,6487.5,0
28,7,3629.7,6363.52
28,6,8558.17,8884.58
28,5,2291.04,4904.71
28,4,5685.87,9644.9
28,3,6253.08,3388.92
28,2,4105.98,9202.83
29,11,335.297,9364.7
29,10,6778.34,2837.77
29,9,3341.2,7228.15,1
29,8,2015.18,6599.54,0
29,7,3519.5,6467.78
29,6,8725.85,8861.27
29,5,2378.53,4512.34
29,4,5613.3,9760.98
29,3,6139.07,3489.24
29,2,4007.25,9335.35
30,11,230.538,9461.28
30,10,6741.35,2316.69
30,9,3333.97,6774.34,1
30,8,1897,6704.29,0
30,7,3404.3,6566.48
30,6,8891.77,8827.67
30,5,2647.66,4213.73
30,4,5723.4,9842.33
30,3,6032.8,3597.74
30,2,3871.72,9429.92
31,11,114.742,9544.32
31,10,7079.24,1918.28
31,9,3720.31,6536.16,1
31,8,1786.66,6817.26,0
31,7,3305.57,6681.66
31,6,8865.63,8660.42
31,5,2515.72,3834
31,4,5760.8,9710.65
31,3,5934.2,3713.24
31,2,3748.03,9539.52
32,11,5.42456,9635.71
32,10,7079.24,1918.28
32,9,3607.65,6096.5,1
32,8,1669.76,6923.44,0
32,7,3184.37,6772.91
32,6,8953.67,8515.82
32,5,2370.82,3459.03
32,4,5816.71,9835.6
32,3,5825.19,3818.97
32,2,3616.39,9639.44
33,11,5.42456,9635.71
33,10,6711.96,2289.77
33,9,3872.2,5727.71,1
33,8,1552.34,7029.05,0
33,7,3078.12,6881.19
33,6,9016.35,8358.56
33,5,2524.55,3087.59
33,4,5949.72,9803.23
33,3,5718.59,3927.14
33,2,3493.36,9749.78
34,11,57.7491,9503.18
34,10,6371.31,2685.81
34,9,3859.28,6181.39,1
34,8,1454.63,7153.11,0
34,7,2961.46,6978.16
34,6,8972.6,8195.02
34,5,2562.05,3487.83
34,4,6020.26,9685.91
34,3,5608.36,4031.6
34,2,3381.31,9871.25
35,11,152.79,9609.34
35,10,5988.59,3041.37
35,9,4310.9,6226.37,1
35,8,1360.62,7280,0
35,7,2856.09,7087.3
35,6,9095.79,8311.14
35,5,2964.01,3493.3
35,4,5994.08,9551.55
35,3,5504.4,4142.31
35,2,3381.31,9871.25
36,11,156.28,9751.79
36,10,5586.49,3374.84
36,9,4717.73,6427.58,1
36,8,1255.54,7397.89,0
36,7,2747.34,7193.07
36,6,9238.48,8220.05
36,5,2903.11,3095.94
36,4,6128.04,9523.34
36,3,5409.68,4261.02
36,2,3377.65,9706.03
37,11,228.757,9629.11
37,10,5201.82,3728.28
37,9,4628.15,5982.64,1
37,8,1154.52,7519.27,0
37,7,2622.3,7278.97
37,6,9236.85,8050.77
37,5,3112.51,2752.79
37,4,6173.89,9394.36
37,3,5307.24,4373.13
37,2,3504.45,9600.04
38,11,301.181,9506.4
38,10,4821.16,4086.04
38,9,5082.02,5981.92,1
38,8,1058.78,7644.86,0
38,7,2535.7,7403.53
38,6,9278.1,7886.58
38,5,3116.19,2350.81
38,4,6212.83,9263.12
38,3,5223.98,4500.14
38,2,3607.59,9729.16
39,11,415.768,9421.7
39,10,4470.55,4473.29
39,9,5193.1,6421.98,1
39,8,953.726,7762.77,0
39,7,2429.17,7511.54
39,6,9287.93,7717.58
39,5,3516.76,2384.69
39,4,6205.97,9126.4
39,3,5117.26,4608.19
39,2,3718.12,9606.3
40,11,463.973,9287.61
40,10,4096.06,4837.51
40,9,5222.93,6874.86,1
40,8,857.677,7888.12,0
40,7,2323.12,7620.02
40,6,9319.18,7551.2
40,5,3328.67,2739.97
40,4,6185.21,8991.09
40,3,5013.21,4718.8
40,2,3772.79,9450.35
41,11,580.548,9369.55
41,10,3679.17,5152.31
41,9,5235.87,7328.54,1
41,8,755.003,8008.11,0
41,7,2207.68,7718.44
41,6,9481.24,7600.15
41,5,3728.31,2783.46
41,4,6248.79,9112.32
41,3,4900.49,4820.58
41,2,3920.65,9524.17
42,11,544.492,9231.7
42,10,3321.17,5532.73
42,9,5326.75,6883.87,1
42,8,664.869,8137.78,0
42,7,2100.29,7825.59
42,6,9648.32,7627.43
42,5,3856.25,3164.55
42,4,6315.44,8992.75
42,3,4782.44,4916.11
42,2,4064.23,9442.34
43,11,683.61,9262.52
43,10,2917.27,5864.02
43,9,5671.23,7179.38,1
43,8,540.71,8235.37,0
43,7,1989.69,7929.42
43,6,9695.59,7464.87
43,5,3780.17,2769.82
43,4,6424.08,8909.47
43,3,4673.59,5022.02
43,2,4045.96,9278.09
44,11,687.76,9120.09
44,10,2535.44,6220.54
44,9,5406.62,7548.12,1
44,8,440.88,8357.74,0
44,7,1874.85,8028.55
44,6,9797.68,7599.92
44,5,3871.71,2378.38
44,4,6451.44,8775.34
44,3,4574.47,5137.08
44,2,4130.49,9136.09
45,11,830.159,9114.99
45,10,2163.52,6587.37
45,9,5849.21,7447.6,1
45,8,319.016,8458.18,0
45,7,1797.93,8159.3
45,6,9955.61,7538.96
45,5,3821.54,1979.53
45,4,6580.62,8730.04
45,3,4462.29,5239.44
45,2,4172.38,8976.22
46,11,752.995,9234.78
46,10,1785.2,6947.6
46,9,6287.98,7563.69,1
46,8,198.656,8560.42,0
46,7,1699.11,8274.41
46,6,9955.61,7538.96
46,5,3853.87,1578.83
46,4,6583.75,8593.18
46,3,4361.85,5353.36
46,2,4322.85,9044.56
47,11,739.669,9376.65
47,10,1389.45,7288.6
47,9,6234.12,7113.03,1
47,8,89.1678,8674.22,0
47,7,1582.36,8371.27
47,6,9838.97,7661.65
47,5,3853.87,1578.83
47,4,6652.88,8475.02
47,3,4241.44,5445.9
47,2,4485.22,9013.78
48,11,867.684,9314.07
48,10,1014.33,7652.16
48,9,6443.77,6710.49,1
48,8,89.1678,8674.22,0
48,7,1476.56,8480
48,6,9740.75,7799.53
48,5,3549.72,1841.69
48,4,6736.55,8366.68
48,3,4155.16,5570.88
48,2,4637.6,8949.81
49,11,1007.52,9286.71
49,10,674.4,8048.82
49,9,6620.82,7128.4,1
49,8,241.41,8632.25,0
49,7,1390.1,8604.65
49,6,9618.93,7917.08
49,5,3295.04,2152.72
49,4,6863.4,8315.2
49,3,4039.3,5669.06
49,2,4722.24,8807.87
50,11,1138.88,9341.92
50,10,360.678,8466.51
50,9,6632.73,6674.69,1
50,8,182.69,8485.65,0
50,7,1274.59,8703
50,6,9514.5,8050.32
50,5,2969.44,2388.5
50,4,6977.18,8391.3
50,3,3927.2,5771.51
50,2,4880.17,8759.2
51,11,1087,9474.63
51,10,360.678,8466.51
51,9,6492.4,6243.06,1
51,8,293.491,8598.18,0
51,7,1160.55,8803.04
51,6,9401.89,8176.72
51,5,2678.3,2665.7
51,4,7100.51,8450.72
51,3,3812.93,5871.54
51,2,5027.34,8684.01
52,11,1100.47,9332.78
52,10,625.43,8016.18
52,9,6836.99,6538.45,1
52,8,228.445,8454.28,0
52,7,1055.31,8912.3
52,6,9268.69,8281.21
52,5,2369.73,2923.36
52,4,7206.24,8537.67
52,3,3692.69,5964.31
52,2,4995.12,8521.92
53,11,1195.05,9226.2
53,10,1132.51,7890.63
53,9,6944.2,6097.43,1
53,8,381.246,8414.39,0
53,7,944.028,9015.41
53,6,9144.46,8396.21
53,5,2048.69,3165.29
53,4,7327.12,8601.92
53,3,3584.98,6071.37
53,2,5076.22,8377.93
54,11,1318.95,9296.57
54,10,1435.21,7464.88
54,9,7167.63,5702.37,1
54,8,428.882,8263.82,0
54,7,848.932,9133.6
54,6,9032.34,8523.04
54,5,1752.23,3436.8
54,4,7333.45,8465.17
54,3,3479.61,6180.74
54,2,5241.17,8388.01
55,11,1320.39,9154.09
55,10,1563.57,6958.51
55,9,7621.21,5686.41,1
55,8,382.634,8112.83,0
55,7,746.217,9245.24
55,6,8899.11,8627.49
55,5,1440.47,3690.58
55,4,7470.19,8458.73
55,3,3373.84,6289.71
55,2,5392.64,8454.1
56,11,1298.48,9013.29
56,10,1816.77,6501.58
56,9,7922.73,6025.64,1
56,8,383.769,7954.91,0
56,7,629.205,9341.8
56,6,8792.51,8759
56,5,1171.11,3988.99
56,4,7487.58,8322.94
56,3,3268.08,6398.7
56,2,5367.8,8290.71
57,11,1440.87,9018.74
57,10,2290.44,6281.29
57,9,8267.42,5730.37,1
57,8,532.056,7900.6,0
57,7,524.273,9451.35
57,6,8669.66,8875.48
57,5,849.962,4230.79
57,4,7568.85,8212.78
57,3,3174.19,6518.06
57,2,5460.9,8154.17
58,11,1463.72,8878.09
58,10,2215.94,5764.24
58,9,8707.75,5620.38,1
58,8,665.803,7816.63,0
58,7,406.074,9546.45
58,6,8556.5,9001.39
58,5,539.562,4486.24
58,4,7675.08,8126.45
58,3,3057.82,6615.64
58,2,5626.13,8157.47
59,11,1483.2,8736.94
59,10,2412.44,6248.26
59,9,8880.88,6039.92,1
59,8,646.4,7659.9,0
59,7,292.585,9647.12
59,6,8441.61,9125.73
59,5,270.193,4784.64
59,4,7807.96,8093.56
59,3,2947.55,6720.06
59,2,5788.34,8189.06
60,11,1622.59,8766.48
60,10,2732.42,5835.34
60,9,9334.42,6022.88,1
60,8,672.282,7504.12,0
60,7,183.449,9752.49
60,6,8310.66,9233.02
60,5,270.193,4784.64
60,4,7811.09,7956.7
60,3,2827.85,6813.53
60,2,5939.48,8122.21
61,11,1673.91,8633.55
61,10,2575.53,6333.61
61,9,9619.52,6376.03,1
61,8,744.053,7644.79,0
61,7,79.5627,9863.04
61,6,8179.05,9339.5
61,5,602.44,4558.34
61,4,7897.54,7850.56
61,3,2726.44,6926.57
61,2,6052.03,8001.2
62,11,1647.26,8773.53
62,10,2435.53,5830.33
62,9,9985.96,6108.24,1
62,8,858.394,7535.86,0
62,7,79.5627,9863.04
62,6,8075.76,9473.62
62,5,990.893,4454.86
62,4,7926.98,7716.87
62,3,2612.29,7026.74
62,2,6047.46,8166.4
63,11,1745.09,8877.13
63,10,2940.21,5965.21
63,9,9985.96,6108.24,1
63,8,873.001,7693.1,0
63,7,34.402,9718.22
63,6,7964.13,9600.89
63,5,1237.56,4137.44
63,4,7961.81,7849.26
63,3,2511.85,7140.65
63,2,6101.68,8010.28
64,11,1796.58,8744.26
64,10,3461.23,5927.51
64,9,9631.76,6392.02,1
64,8,831.356,7845.44,0
64,7,185.598,9705.81
64,6,7837.37,9713.09
64,5,1164.55,3742.12
64,4,7965.85,7712.42
64,3,2402.82,7246.36
64,2,6239.25,7918.71
65,11,1922.51,8677.61
65,10,3914.25,5667.38
65,9,9305.24,6707.26,1
65,8,789.44,7997.69,0
65,7,326.413,9649.38
65,6,7724.19,9838.99
65,5,1492.11,3509.07
65,4,8083.75,7781.98
65,3,2286.29,7343.75
65,2,6401.93,7889.64
66,11,2006.09,8793.01
66,10,4297.27,5312.15
66,9,8940.59,6977.49,1
66,8,766.223,7841.49,0
66,7,374.046,9793.41
66,6,7601.4,9955.53
66,5,1749.82,3200.54
66,4,8162.96,7670.33
66,3,2192.81,7463.44
66,2,6415.43,7724.93
67,11,2147.96,8779.67
67,10,4691.74,4969.68
67,9,8607.59,7285.88,1
67,8,796.739,7686.54,0
67,7,465.709,9672.53
67,6,7601.4,9955.53
67,5,1685.57,2803.71
67,4,8143.48,7534.83
67,3,2091.4,7576.48
67,2,6467.66,7568.14
68,11,2220.88,8657.25
68,10,4675.01,4447.55
68,9,8328.07,7643.45,1
68,8,842.83,7535.5,0
68,7,430.13,9525.06
68,6,7770.33,9966.46
68,5,1874.27,2448.75
68,4,8277.13,7564.46
68,3,2015.61,7708.08
68,2,6368.99,7700.71
69,11,2200.09,8516.29
69,10,5197.04,4466.94
69,9,8016.77,7973.73,1
69,8,989.949,7592.9,0
69,7,394.734,9377.54
69,6,7716.49,9805.96
69,5,2202.68,2216.91
69,4,8413.91,7569.87
69,3,1889.61,7792.86
69,2,6456.91,7840.64
70,11,2311.45,8427.39
70,10,5635.84,4183.49
70,9,7682.29,8280.52,1
70,8,1147.49,7603.83,0
70,7,457.487,9239.42
70,6,7824.23,9675.38
70,5,2462.71,1910.34
70,4,8507.2,7670.06
70,3,1794.98,7911.64
70,2,6431.21,8003.9
71,11,2357,8292.38
71,10,6112.04,3968.73
71,9,7335.19,8572.94,1
71,8,1070.91,7741.94,0
71,7,590.546,9312.29
71,6,7801.03,9507.69
71,5,2462.71,1910.34
71,4,8625.82,7738.39
71,3,1691.8,8023.08
71,2,6424.84,7838.76
72,11,2293.09,8419.73
72,10,6068.46,3448.16
72,9,7029.6,8908.5,1
72,8,1067.11,7584.07,0
72,7,483.41,9419.69
72,6,7876.21,9659.37
72,5,2167.46,2183.16
72,4,8752.94,7687.59
72,3,1576.77,8122.22
72,2,6447.95,7675.12
73,11,2218.86,8541.36
73,10,5985.53,2932.39
73,9,6690.21,9209.85,1
73,8,1204.93,7506.96,0
73,7,497.343,9268.63
73,6,7908.61,9493.21
73,5,1914.48,2495.58
73,4,8837.98,7580.32
73,3,1467.37,8227.56
73,2,6565.42,7558.88
74,11,2261.61,8405.44
74,10,6229.3,3394.42
74,9,6356.85,9517.85,1
74,8,1202.5,7349.05,0
74,7,543.179,9124.02
74,6,7964.07,9333.27
74,5,1649.59,2797.96
74,4,8928.99,7478.06
74,3,1363.63,8338.47
74,2,6702.3,7466.28
75,11,2263.14,8547.92
75,10,6307.17,2877.86
75,9,6046.76,9849.26,1
75,8,1359.85,7335.69,0
75,7,631.655,9000.79
75,6,7959.72,9164.03
75,5,1350.75,3066.84
75,4,8887.85,7608.63
75,3,1235.86,8420.56
75,2,6855.71,7404.82
76,11,2383.95,8472.37
76,10,6535.2,2407.86
76,9,6046.76,9849.26,1
76,8,1507.04,7278.46,0
76,7,616.131,8849.88
76,6,8118.53,9105.39
76,5,1048.85,3332.28
76,4,8884.94,7471.77
76,3,1105.94,8499.19
76,2,6915.08,7559.05
77,11,2468.78,8586.86
77,10,6459.07,1891.05
77,9,5937.03,9408.86,1
77,8,1517.55,7120.89,0
77,7,597.527,8699.32
77,6,8077.61,8941.12
77,5,786.469,3636.85
77,4,8906.24,7336.54
77,3,993.591,8601.38
77,2,7079.55,7575.23
78,11,2455.18,8445.02
78,10,6850.34,1544.93
78,9,6353.36,9228.13,1
78,8,1635.15,7015.49,0
78,7,658.127,8560.25
78,6,8148.3,8787.3
78,5,532.072,3948.11
78,4,8982.61,7222.93
78,3,867.251,8685.65
78,2,7152.75,7723.39
79,11,2542.34,8557.75
79,10,6850.34,1544.93
79,9,6487.98,9661.57,1
79,8,1641.62,6857.7,0
79,7,697.171,8413.65
79,6,8251.78,8653.32
79,5,252.824,4237.29
79,4,9048.64,7103.02
79,3,756.692,8789.77
79,2,7313.99,7759.63
80,11,2529.78,8415.81
80,10,6476.36,1909.67
80,9,6518.48,9208.73,1
80,8,1654.3,6700.29,0
80,7,627.072,8548.19
80,6,8218.77,8487.28
80,5,252.824,4237.29
80,4,9184.95,7090.32
80,3,678.895,8920.19
80,2,7282.55,7597.39
81,11,2533.81,8273.38
81,10,6126.46,2297.56
81,9,6874.46,9490.28,1
81,8,1811.12,6718.93,0
81,7,705.681,8418.44
81,6,8246.3,8320.24
81,5,531.199,3947.27
81,4,9318.03,7058.25
81,3,575.985,9031.88
81,2,7265.93,7432.96
82,11,2652.93,8195.18
82,10,5697.36,2595.49
82,9,7169.18,9835.43,1
82,8,1845.31,6564.75,0
82,7,846.756,8362.66
82,6,8260.63,8151.56
82,5,609.038,4341.66
82,4,9251.83,7178.07
82,3,470.091,9140.73
82,2,7224.77,7272.91
83,11,2604.31,8061.24
83,10,5331.42,2968.3
83,9,7013.43,9409.13,1
83,8,1897.07,6713.95,0
83,7,797.186,8506.03
83,6,8255.05,7982.36
83,5,979.024,4498.86
83,4,9165.91,7284.64
83,3,355.311,9240.18
83,2,7386.33,7238.12
84,11,2657.49,7929.04
84,10,4908.92,3275.52
84,9,7114.48,8966.66,1
84,8,2053.66,6734.38,0
84,7,900.631,8395.07
84,6,8285.05,7815.75
84,5,1243.58,4196.19
84,4,9272.58,7198.85
84,3,250.42,9350
84,2,7390.29,7072.9
85,11,2631.32,7788.97
85,10,4623.18,3712.83
85,9,7559.85,8879.24,1
85,8,2058.3,6576.53,0
85,7,909.313,8243.61
85,6,8300.01,7647.13
85,5,1384.82,3819.82
85,4,9223.44,7326.61
85,3,143.45,9457.8
85,2,7533.38,7155.58
86,11,2773.67,7782.6
86,10,4246.13,4074.39
86,9,7810,9257.95,1
86,8,2185.66,6483.16,0
86,7,1060.42,8230.17
86,6,8297.35,7477.86
86,5,1420.01,3419.36
86,4,9214.95,7189.99
86,3,30.1456,9558.92
86,2,7632.13,7288.1
87,11,2861.28,7670.23
87,10,3874.41,4441.42
87,9,8258.74,9189.95,1
87,8,2208.27,6326.87,0
87,7,1037.97,8080.14
87,6,8461.05,7520.99
87,5,1330.91,3027.37
87,4,9315.85,7097.48
87,3,30.1456,9558.92
87,2,7747.34,7169.62
88,11,2867.41,7812.59
88,10,3507.43,4813.2
88,9,8429.42,8769.4,1
88,8,2200.6,6169.13,0
88,7,988.087,7936.87
88,6,8549.82,7376.84
88,5,1272.85,2629.58
88,4,9378.23,6975.62
88,3,89.8937,9419.3
88,2,7728.21,7005.47
89,11,2926.79,7942.12
89,10,3130.32,5174.7
89,9,8561.63,8335.22,1
89,8,2154.76,6018.01,0
89,7,1000.52,8088.06
89,6,8572.97,7209.14
89,5,1226.13,2230.31
89,4,9389.21,6839.17
89,3,66.5668,9269.24
89,2,7721.4,6840.35
90,11,3028.5,7842.32
90,10,2763.72,5546.85
90,9,9006.38,8244.75,1
90,8,2289.02,6101.17,0
90,7,1035.65,7940.48
90,6,8520.54,7370.11
90,5,1296.89,1834.59
90,4,9508.14,6771.39
90,3,208.268,9214.61
90,2,7874.73,6778.7
91,11,3124.87,7947.28
91,10,2314.01,5812.66
91,9,9442.22,8371.4,1
91,8,2300.41,5943.66,0
91,7,1027.66,7788.99
91,6,8665.44,7457.65
91,5,1636.68,1619.77
91,4,9490.18,6635.68
91,3,346.14,9150.93
91,2,8033.22,6825.5
92,11,3261.42,7906.57
92,10,2008.88,6236.67
92,9,9565.17,8808.29,1
92,8,2425.2,6040.44,0
92,7,1153.58,7704.38
92,6,8826.33,7404.98
92,5,1477.64,1988.97
92,4,9452,6504.22
92,3,490.024,9199.52
92,2,8055.33,6661.73
93,11,3243.6,7765.2
93,10,1615.61,6580.52
93,9,9539.07,8355.18,1
93,8,2578.19,6001.29,0
93,7,1304.83,7692.62
93,6,8918.9,7263.25
93,5,1592.43,1603.71
93,4,9510.74,6627.87
93,3,587.363,9082.95
93,2,8081.56,6498.56
94,11,3386.04,7769.19
94,10,1242.19,6945.83
94,9,9984.2,8266.61,1
94,8,2721.52,5935,0
94,7,1314.28,7541.21
94,6,8976.37,7104.01
94,5,1890.19,1333.63
94,4,9595.71,6520.54
94,3,728.34,9026.48
94,2,8174.09,6361.64
95,11,3380.78,7911.59
95,10,864.974,7307.22
95,9,9984.2,8266.61,1
95,8,2676.36,5783.68,0
95,7,1345.84,7392.83
95,6,9127.83,7179.63
95,5,1890.19,1333.63
95,4,9730.57,6497.04
95,3,707.275,8876.08
95,2,8122.96,6518.79
96,11,3417.52,8049.26
96,10,513.619,7693.8
96,9,9639.28,8561.59,1
96,8,2790.66,5674.7,0
96,7,1455.48,7287.98
96,6,9182.73,7019.5
96,5,1612.82,1624.61
96,4,9753.24,6362.04
96,3,732.385,8726.3
96,2,8044.15,6664.05
97,11,3397.44,8190.32
97,10,133.69,8052.33
97,9,9338.42,8901.41,1
97,8,2780.07,5517.14,0
97,7,1485.61,7139.3
97,6,9160.84,6851.63
97,5,1331.3,1911.58
97,4,9809.89,6237.42
97,3,649.347,8853.46
97,2,8205.67,6699.04
98,11,3535.23,8226.61
98,10,133.69,8052.33
98,9,9039.46,9242.9,1
98,8,2780.76,5359.22,0
98,7,1465.69,6988.91
98,6,9193.53,6685.53
98,5,1051.35,2200.08
98,4,9776.62,6104.63
98,3,609.163,8707
98,2,8157.93,6540.82
99,11,3589.67,8094.92
99,10,576.867,7775.77
99,9,8677.29,9516.44,1
99,8,2901.62,5460.86,0
99,7,1433.29,7137.11
99,6,9224.11,6519.02
99,5,779.32,2496.06
99,4,9811.38,5972.23
99,3,696.734,8582.93
99,2,8313.73,6485.73
100,11,3700.61,8005.51
100,10,781.654,7295.19
100,9,8351.24,9832.16,1
100,8,3006.15,5342.48,0
100,7,1457.7,6987.38
100,6,9371.95,6436.56
100,5,476.022,2759.9
100,4,9929.34,6041.7
100,3,696.355,8431.06
100,2,8282.22,6647.96
101,11,3788.85,7893.63
101,10,1242.42,7049.04
101,9,8351.24,9832.16,1
101,8,3067.4,5196.92,0
101,7,1475.6,6836.74
101,6,9381.77,6267.56
101,5,222.165,3071.6
101,4,9817.19,6120.2
101,3,835.319,8369.81
101,2,8442.84,6609.05
102,11,3893.27,7796.67
102,10,1644.41,6715.43
102,9,8442.46,9387.56,1
102,8,3103.36,5043.15,0
102,7,1480.53,6685.12
102,6,9444.28,6110.23
102,5,222.165,3071.6
102,4,9708.7,6203.68
102,3,966.674,8293.59
102,2,8421.06,6445.23
103,11,3953.39,7667.49
103,10,2156.31,6819.58
103,9,8766.26,9069.53,1
103,8,3260.38,5059.92,0
103,7,1612.68,6610.63
103,6,9425.71,5941.97
103,5,433.493,2729.63
103,4,9683.31,6069.16
103,3,974.7,8141.93
103,2,8486.22,6293.36
104,11,4077.29,7737.87
104,10,2002.93,6320.22
104,9,9032.66,8702.08,1
104,8,3347.27,4928.05,0
104,7,1559.94,6752.87
104,6,9521.3,5802.25
104,5,545.113,2343.44
104,4,9733.49,5941.8
104,3,894.819,8271.09
104,2,8533.7,6135.06
105,11,4056.89,7596.84
105,10,1961.01,5799.51
105,9,9409.85,8954.5,1
105,8,3424.33,4790.2,0
105,7,1450.05,6857.45
105,6,9548.84,5635.21
105,5,790.315,2024.88
105,4,9732.37,5804.91
105,3,1009.77,8171.85
105,2,8528.68,5969.88
106,11,4145.38,7708.52
106,10,1671.12,6234.09
106,9,9566.87,8528.66,1
106,8,3510.65,4657.96,0
106,7,1508.81,6717.59
106,6,9533.09,5466.66
106,5,1127.52,1806.04
106,4,9649.17,5913.62
106,3,1072.82,8033.69
106,2,8689.42,6008.25
107,11,4137.33,7566.26
107,10,2193.51,6235.5
107,9,9516.17,8077.64,1
107,8,3481.88,4502.69,0
107,7,1611.35,6605.79
107,6,9702.16,5458
107,5,1029.32,1416.22
107,4,9637.49,6050.01
107,3,1196.84,7946.05
107,2,8667.9,5844.4
108,11,4146.51,7424.07
108,10,2677.84,6039.76
108,9,9516.24,7623.77,1
108,8,3618.38,4582.1,0
108,7,1762.92,6599.56
108,6,9689.1,5626.79
108,5,803.426,1748.75
108,4,9753.24,5976.92
108,3,1331.96,7876.72
108,2,8827.51,5801.57
109,11,4130.66,7282.46
109,10,3058.39,5681.88
109,9,9724.46,8027.05,1
109,8,3769.82,4537.33,0
109,7,1803.76,6453.46
109,6,9812.52,5742.65
109,5,828.852,1347.56
109,4,9848.97,5879.07
109,3,1481.72,7901.92
109,2,8792.21,5640.12
110,11,4096.19,7144.2
110,10,3578.43,5731.38
110,9,9674.78,7575.92,1
110,8,3812.96,4385.41,0
110,7,1862.18,6313.45
110,6,9917.67,5609.98
110,5,1195.33,1182.34
110,4,9970.49,5816.05
110,3,1510.35,7752.78
110,2,8783.48,5475.09
111,11,4146.75,7277.42
111,10,3952.64,6095.88
111,9,9674.78,7575.92,1
111,8,3970.55,4375.23,0
111,7,1718.6,6264.46
111,6,9982.98,5766.16
111,5,1576.05,1311.4
111,4,9970.49,5816.05
111,3,1660.81,7732.16
111,2,8948.14,5461.02
112,11,4129.98,7418.92
112,10,3511.75,6376.07
112,9,9389.55,7222.88,1
112,8,4054.7,4508.87,0
112,7,1631.34,6388.55
112,6,9856.59,5878.78
112,5,1919.5,1520.31
112,4,9879.24,5714
112,3,1710.58,7875.63
112,2,9072.7,5569.63
113,11,3993.97,7461.4
113,10,4008.66,6537.23
113,9,9048.72,6923.17,1
113,8,4007.85,4659.68,0
113,7,1671.09,6534.96
113,6,9689.89,5908.27
113,5,1892.66,1921.41
113,4,9774.94,5625.33
113,3,1578.55,7800.6
113,2,9224.31,5635.4
114,11,3851.5,7459.06
114,10,3681.22,6944.26
114,9,8712.53,6618.27,1
114,8,4053.63,4810.83,0
114,7,1576,6653.16
114,6,9844.55,5977.1
114,5,2293.6,1892.22
114,4,9668.39,5539.4
114,3,1447.17,7724.42
114,2,9364.52,5722.89
115,11,3992.66,7478.48
115,10,4189.39,7065.3
115,9,8399.82,6289.32,1
115,8,4043.95,4968.45,0
115,7,1723.81,6687.29
115,6,9985.8,6070.41
115,5,2689.44,1962.28
115,4,9584.5,5431.22
115,3,1569.67,7814.18
115,2,9451.56,5863.37
116,11,4097.15,7575.36
116,10,4707.67,6999.85
116,9,8050.95,5999.01,1
116,8,3926.94,4862.4,0
116,7,1873.16,6660.67
116,6,9985.8,6070.41
116,5,3011.58,2202.76
116,4,9491.68,5330.6
116,3,1715.6,7772.14
116,2,9615.12,5887
117,11,4236.34,7544.86
117,10,4204.1,7138.83
117,9,7714.78,5694.08,1
117,8,4032.14,4980.17,0
117,7,1759.72,6761.39
117,6,9864.9,5951.91
117,5,3152.77,2579.15
117,4,9401.61,5227.51
117,3,1747.6,7920.6
117,2,9502.68,6008.12
118,11,4376.45,7570.75
118,10,4722.99,7199.18
118,9,7387.8,5379.32,1
118,8,4172.74,5052.09,0
118,7,1910.78,6747.44
118,6,9748.55,5828.95
118,5,3553.86,2552.17
118,4,9315.11,5121.41
118,3,1828.93,8048.85
118,2,9640.49,6099.34
119,11,4501.31,7639.41
119,10,4266.78,6944.71
119,9,7065.35,5059.92,1
119,8,4277.83,5169.97,0
119,7,2043.3,6821.28
119,6,9647.17,5693.37
119,5,3254.15,2820.09
119,4,9218.49,5024.44
119,3,1979.83,8065.98
119,2,9804.41,6078.35
120,11,4465.52,7777.33
120,10,4788.46,6917.54
120,9,6763.16,4721.28,1
120,8,4435.12,5155.88,0
120,7,2135.26,6941.93
120,6,9518.19,5583.72
120,5,2954.42,3087.97
120,4,9132.52,4917.9
120,3,2086.46,8174.12
120,2,9945.91,6163.74
121,11,4607.97,7774.11
121,10,5305.51,6843.05
121,9,6517.42,4339.7,1
121,8,4591.78,5175.77,0
121,7,2269.66,7012.29
121,6,9398.86,5463.64
121,5,2652.1,2823.01
121,4,9030.77,4826.33
121,3,2236.41,8150.11
121,2,9789.05,6111.7
122,11,4725.1,7855.26
122,10,5415,7353.84
122,9,6211.1,4004.8,1
122,8,4684.84,5303.35,0
122,7,2136.1,7084.23
122,6,9265.31,5359.61
122,5,2746.97,3213.65
122,4,8945.08,4719.58
122,3,2100.48,8082.39
122,2,9951.8,6140.39
123,11,4840.14,7939.33
123,10,4922.38,7180.01
123,9,5873.84,3701.07,1
123,8,4688.17,5461.24,0
123,7,2287.54,7075.23
123,6,9134.78,5251.81
123,5,2582.25,3580.35
123,4,8837.14,4635.38
123,3,2251.32,8100.05
123,2,9789.35,6110.05
124,11,4982.55,7944.16
124,10,4618.76,7605.11
124,9,5524.39,3411.46,1
124,8,4531.22,5443.78,0
124,7,2431.4,7027.08
124,6,9012.41,5134.83
124,5,2945.27,3753.03
124,4,8733.44,4546.01
124,3,2155.83,8218.14
124,2,9937.95,6182.36
125,11,5084.76,8043.44
125,10,5134.74,7686.72
125,9,5255.84,3045.58,1
125,8,4373.85,5430.51,0
125,7,2580.05,7057.36
125,6,8884.03,5024.48
125,5,3347.25,3749.14
125,4,8642.06,4444.09
125,3,2248.23,8338.65
125,2,9937.95,6182.36
126,11,5209.05,8113.12
126,10,5215.57,8202.82
126,9,4936.81,2722.75,1
126,8,4529.24,5402.31,0
126,7,2728.92,7086.53
126,6,8779.55,4891.28
126,5,3746.43,3701.61
126,4,8546.02,4346.54
126,3,2394.73,8378.69
126,2,9830.73,6056.6
127,11,5074.53,8066.12
127,10,5274.59,8721.86
127,9,4638.84,2380.4,1
127,8,4411.18,5507.2,0
127,7,2848.27,7180.19
127,6,8664.61,4766.99
127,5,4127.4,3573.29
127,4,8451.69,4247.33
127,3,2265.81,8458.95
127,2,9730.77,5925
128,11,4932.19,8072.68
128,10,5796.31,8695.34
128,9,4318.64,2058.74,1
128,8,4518.5,5623.05,0
128,7,2994.73,7140.68
128,6,8526.96,4668.45
128,5,4527.81,3608.89
128,4,8339.1,4169.47
128,3,2410.56,8413.01
128,2,9606.09,5816.53
129,11,4852.57,8190.85
129,10,5315.79,8900.25
129,9,4007.22,1728.58,1
129,8,4434.09,5756.52,0
129,7,3143.45,7110.73
129,6,8386.81,4573.48
129,5,4926.91,3560.67
129,4,8242.59,4072.38
129,3,2528.25,8508.99
129,2,9497.58,5691.88
130,11,4994.47,8203.8
130,10,5749.15,9191.96
130,9,3730.19,1369.07,1
130,8,4590.5,5734.71,0
130,7,3291.1,7075.89
130,6,8249.83,4474.01
130,5,5327.48,3594.55
130,4,8153.3,3968.62
130,3,2417.62,8613.03
130,2,9383.09,5572.7
131,11,5136.9,8207.85
131,10,6262.56,9288.41
131,9,3730.19,1369.07,1
131,8,4661.53,5875.75,0
131,7,3433.44,7023.41
131,6,8125.28,4359.36
131,5,4936.34,3501.74
131,4,8056.65,3871.67
131,3,2547.12,8692.37
131,2,9286.29,5438.76
132,11,5232.82,8313.23
132,10,6784.95,9289.04
132,9,3730.19,1369.07,1
132,8,4514.93,5817.05,0
132,7,3556.32,7112.36
132,6,7996.24,4249.77
132,5,4542.08,3580.24
132,4,7965.44,3769.59
132,3,2697.35,8714.59
132,2,9176.61,5315.14
133,11,5097.79,8358.75
133,10,7120.26,9689.61
133,9,3730.19,1369.07,1
133,8,4665.55,5769.59,0
133,7,3699.01,7163.88
133,6,7868.44,4138.76
133,5,4844.5,3845.09
133,4,7849.79,3696.34
133,3,2782.02,8840.66
133,2,9050.25,5208.63
134,11,5227.79,8300.4
134,10,7120.26,9689.61
134,9,4165.41,1497.8,1
134,8,4821.64,5745.61,0
134,7,3758.92,7303.26
134,6,7735.45,4034
134,5,5005.26,4213.54
134,4,7756.04,3596.59
134,3,2656.48,8755.21
134,2,8910.14,5120.99
135,11,5103.6,8370.25
135,10,6811.75,9268.05
135,9,4573.68,1696.07,1
135,8,4979.04,5758.52,0
135,7,3902.56,7352.04
135,6,7636.73,3896.48
135,5,4614.25,4306.88
135,4,7669.13,3490.83
135,3,2766.2,8860.2
135,2,8793.77,5003.64
136,11,5244.78,8389.52
136,10,6412.72,8930.91
136,9,5026.79,1670.06,1
136,8,5131.61,5717.76,0
136,7,4014.62,7454.3
136,6,7506.12,3788.77
136,5,4374.35,4629.45
136,4,7584.75,3383.04
136,3,2861.09,8978.77
136,2,8669.54,4894.66
137,11,5383.5,8356.99
137,10,6055.41,8549.83
137,9,4769.99,2044.28,1
137,8,5232.54,5839.21,0
137,7,4146.12,7529.94
137,6,7391.41,3664.27
137,5,4775.4,4601.93
137,4,7490.39,3283.85
137,3,3012.95,8980
137,2,8546.61,4784.2
138,11,5520.91,8394.7
138,10,5683.08,8183.41
138,9,5217.92,2117.4,1
138,8,5277.76,5990.52,0
138,7,4290.16,7577.54
138,6,7300.49,3521.47
138,5,5175.54,4640.61
138,4,7401.52,3179.73
138,3,2861.8,8965.29
138,2,8414.21,4685.31
139,11,5537.85,8536.18
139,10,5383.56,7755.41
139,9,5501.93,2471.42,1
139,8,5260.74,6147.52,0
139,7,4438.11,7544.01
139,6,7178.96,3403.62
139,5,5575.59,4680.09
139,4,7316.95,3072.09
139,3,2895.3,9113.42
139,2,8305.23,4561.08
140,11,5578.54,8672.74
140,10,5041.86,7360.28
140,9,5595.7,2915.49,1
140,8,5410.07,6198.89,0
140,7,4352.26,7669.09
140,6,7056.94,3286.27
140,5,5378.71,5030.58
140,4,7235.66,2961.95
140,3,3033.29,9176.85
140,2,8208.83,4426.84
141,11,5717.04,8706.22
141,10,4754.62,6923.95
141,9,6013.79,3092.12,1
141,8,5566.72,6178.93,0
141,7,4463.62,7772.11
141,6,6940.37,3163.51
141,5,4978.84,4989.31
141,4,7137.81,2866.21
141,3,3113.66,9305.7
141,2,8088.27,4313.81
142,11,5620.55,8601.38
142,10,4364,6577.1
142,9,6467.16,3071.03,1
142,8,5517.24,6328.89,0
142,7,4590.5,7855.27
142,6,6811,3054.33
142,5,5372.53,4908.03
142,4,7068.39,2748.23
142,3,3148.36,9453.55
142,2,7983.29,4186.17
143,11,5479.03,8618
143,10,3906.72,6324.52
143,9,6914.16,3149.65,1
143,8,5673.32,6352.92,0
143,7,4536.36,7996.98
143,6,6698.22,2928.07
143,5,5037.18,4686.34
143,4,6969.79,2653.26
143,3,3290.49,9400.05
143,2,7887.37,4051.59
144,11,5593.61,8702.71
144,10,3575.74,5920.36
144,9,7329.8,3331.97,1
144,8,5830.69,6339.67,0
144,7,4684.1,7962.52
144,6,6587.42,2800.08
144,5,4907.82,5066.95
144,4,6878.17,2551.54
144,3,3440.55,9423.41
144,2,7775.84,3929.65
145,11,5702.94,8794.09
145,10,3174.88,5585.39
145,9,7760.03,3476.5,1
145,8,5954.94,6437.14,0
145,7,4833.3,7989.95
145,6,6482.44,2667.28
145,5,5289.63,5192.74
145,4,6780.07,2456.07
145,3,3588.21,9458.88
145,2,7647.03,3826.1
146,11,5845.43,8794.86
146,10,2762.76,5264.38
146,9,8047.06,3828.08,1
146,8,5996.86,6589.4,0
146,7,4694.85,8051.97
146,6,6372.62,2538.44
146,5,5248.66,5592.65
146,4,6667.76,2377.81
146,3,3730.57,9511.78
146,2,7515.31,3726.31
147,11,5982.94,8832.2
147,10,2373.15,4916.39
147,9,8339.73,4174.97,1
147,8,6141.44,6652.91,0
147,7,4815.25,8144.27
147,6,6243.29,2429.2
147,5,4938.45,5848.32
147,4,6572.24,2279.75
147,3,3580.93,9537.7
147,2,7414.32,3595.49
148,11,6081.54,8935.06
148,10,2051.41,4504.84
148,9,8253.34,4620.54,1
148,8,6296,6620.49,0
148,7,4965.1,8167.87
148,6,6123.12,2309.96
148,5,5329.37,5942.03
148,4,6478.26,2180.21
148,3,3434.31,9498.14
148,2,7297.39,3478.7
149,11,6223.87,8941.66
149,10,1668.99,4148.97
149,9,8669.84,4800.87,1
149,8,6138.2,6614.17,0
149,7,4894,8301.88
149,6,6024.18,2172.6
149,5,5557.89,6272.76
149,4,6371.65,2094.34
149,3,3571.87,9562.46
149,2,7167.34,3376.73
150,11,6211,9083.57
150,10,1276.76,3803.93
150,9,8217.95,4758.53,1
150,8,6271.11,6699.47,0
150,7,4753.76,8244.03
150,6,5900.61,2056.88
150,5,5881.85,6510.78
150,4,6282.38,1990.56
150,3,3722.08,9584.86
150,2,7043.8,3266.96
151,11,6352.52,9066.96
151,10,917.277,3424.9
151,9,7891.68,5074.02,1
151,8,6382.26,6811.65,0
151,7,4602.43,8233.35
151,6,5764.56,1956.14
151,5,5568.52,6762.61
151,4,6177.07,1903.1
151,3,3873.76,9592.48
151,2,6924.85,3152.23
152,11,6475.17,9139.5
152,10,529.717,3074.63
152,9,7466.91,5233.9,1
152,8,6539.64,6798.63,0
152,7,4754.02,8227.5
152,6,5653.15,1828.68
152,5,5692.99,7144.86
152,4,6079.74,1806.83
152,3,3722.03,9585.96
152,2,6792.18,3053.69
153,11,6423.73,9272.38
153,10,148.218,2717.77
153,9,7908.06,5340.59,1
153,8,6694.3,6830.55,0
153,7,4838.03,8353.83
153,6,5548.44,1695.65
153,5,6089.78,7080.35
153,4,5989.07,1704.28
153,3,3806.42,9712.22
153,2,6666.62,2946.24
154,11,6285.31,9306.19
154,10,148.218,2717.77
154,9,8359.8,5296.76,1
154,8,6841.87,6886.8,0
154,7,4695.9,8300.77
154,6,5444.33,1562.17
154,5,6491.68,7071.42
154,4,5878.12,1624.08
154,3,3893.04,9836.96
154,2,6554.84,2824.52
155,11,6417.11,9360.34
155,10,668.341,2669.15
155,9,8812.61,5265.84,1
155,8,6708.75,6971.76,0
155,7,4830.37,8371
155,6,5335.5,1432.5
155,5,6225.28,7372.48
155,4,5769.08,1541.32
155,3,3908.96,9987.99
155,2,6440.27,2705.42
156,11,6321.79,9254.42
156,10,1183.39,2756.43
156,9,8451.7,4990.64,1
156,8,6856.65,7027.13,0
156,7,4768.64,8509.58
156,6,5214.89,1313.69
156,5,5845.02,7242.07
156,4,5667.69,1449.34
156,3,3908.96,9987.99
156,2,6313.35,2599.57
157,11,6182.62,9223.86
157,10,1679.99,2918.55
157,9,8718.43,5357.85,1
157,8,6978.29,7127.83,0
157,7,4640.29,8590.45
157,6,5093.83,1195.36
157,5,6235.23,7338.71
157,4,5559.32,1365.7
157,3,3808.99,9873.66
157,2,6181.52,2499.91
158,11,6322.81,9198.38
158,10,2124.27,3193.33
158,9,9164.29,5272.98,1
158,8,6820.56,7135.53,0
158,7,4791.76,8598.84
158,6,4977.28,1072.59
158,5,6250.46,7740.42
158,4,5464.91,1266.57
158,3,3722.92,9748.54
158,2,6045.07,2406.68
159,11,6318.05,9340.79
159,10,2596.82,3416.02
159,9,9613.39,5207.39,1
159,8,6978.41,7130.92,0
159,7,4942.46,8581.47
159,6,4860.47,950.051
159,5,5852.53,7683.32
159,4,5357.1,1182.22
159,3,3618.91,9637.89
159,2,5930.67,2287.41
160,11,6355.44,9478.29
160,10,2976.81,3774.48
160,9,9613.39,5207.39,1
160,8,7136.06,7140.24,0
160,7,4795.39,8618.67
160,6,4726.49,846.575
160,5,6052.51,8032.05
160,4,5270.14,1076.49
160,3,3503.76,9538.87
160,2,5813.37,2171
161,11,6247.72,9571.56
161,10,3498.92,3791.55
161,9,9256.43,4927.08,1
161,8,7115.82,7296.86,0
161,7,4650.27,8574.48
161,6,4621.57,713.72
161,5,6454.38,8022.13
161,4,5172.92,980.116
161,3,3398.43,9429.46
161,2,5698.2,2052.48
162,11,6109.42,9537.25
162,10,4009.46,3680.91
162,9,8945.56,4596.39,1
162,8,6957.98,7301.91,0
162,7,4783.54,8646.96
162,6,4519.09,578.967
162,5,6087.78,8187.07
162,4,5068.58,891.507
162,3,3283.66,9330.02
162,2,5572.58,1945.09
163,11,6235.56,9603.52
163,10,4220.71,4158.69
163,9,8708.65,4209.27,1
163,8,7069.42,7413.8,0
163,7,4824.74,8792.96
163,6,4519.09,578.967
163,5,6421.24,8411.58
163,4,4965.98,800.872
163,3,3187.2,9212.72
163,2,5437.91,1849.31
164,11,6376.93,9585.64
164,10,4002.97,4633.53
164,9,8411.78,3865.96,1
164,8,7183.05,7523.46,0
164,7,4976.41,8795.97
164,6,4629.42,707.372
164,5,6050.76,8255.57
164,4,4857.41,717.493
164,3,3076.35,9108.91
164,2,5322.72,1730.81
165,11,6439.68,9713.56
165,10,3729.64,5078.71
165,9,8059.99,3579.2,1
165,8,7035.03,7578.51,0
165,7,5107.35,8872.58
165,6,4785.34,773.297
165,5,6320.74,8553.41
165,4,4766.24,615.376
165,3,2971.27,8999.27
165,2,5222.78,1599.19
166,11,6579.64,9686.83
166,10,3995.18,5528.58
166,9,7816.07,3196.45,1
166,8,7192.95,7579.22,0
166,7,5175.39,9008.17
166,6,4802.44,941.72
166,5,6670.19,8752.12
166,4,4656.2,533.958
166,3,2863.91,8891.86
166,2,5100.15,1488.4
167,11,6695.25,9770.13
167,10,4508.21,5627.03
167,9,7531.98,2842.5,1
167,8,7345.18,7621.26,0
167,7,5175.54,9159.87
167,6,4756.14,1104.55
167,5,7067.59,8691.49
167,4,4656.2,533.958
167,3,2753.5,8787.58
167,2,4974.67,1380.87
168,11,6833.08,9806.26
168,10,4668.19,6124.32
168,9,7242.55,2492.9,1
168,8,7437.05,7749.7,0
168,7,5025.13,9140.16
168,6,4907.19,1181
168,5,7415.51,8892.87
168,4,4723.56,653.13
168,3,2635.14,8692.43
168,2,4857.99,1263.83
169,11,6975.45,9812.08
169,10,5184.89,6047.37
169,9,6914.57,2179.17,1
169,8,7589.93,7789.27,0
169,7,4887.35,9203.65
169,6,5062.86,1247.52
169,5,7814.57,8844.37
169,4,4852.71,698.51
169,3,2535.77,8577.59
169,2,4763.41,1128.3
170,11,6887.65,9924.3
170,10,4684.74,6198.19
170,9,6597.6,1854.33,1
170,8,7596.88,7947.03,0
170,7,5034.22,9241.64
170,6,5229.44,1217.36
170,5,8146.21,9071.57
170,4,4986.07,667.634
170,3,2423.37,8475.46
170,2,4650.6,1007.53
171,11,6887.65,9924.3
171,10,4449.62,6664.68
171,9,6260.75,1550.16,1
171,8,7754.69,7941.07,0
171,7,5147.93,9342.06
171,6,5327.62,1355.27
171,5,8189.01,9471.29
171,4,5051.4,787.936
171,3,2328.98,8356.49
171,2,4552.4,874.617
172,11,6791.66,9818.99
172,10,4955.58,6534.69
172,9,5870.77,1317.97,1
172,8,7910.94,7918.14,0
172,7,5289.41,9396.81
172,6,5465.35,1453.71
172,5,8546.71,9654.74
172,4,4980.5,905.037
172,3,2214.04,8257.23
172,2,4438.1,755.25
173,11,6692.92,9716.27
173,10,5138.18,7024.13
173,9,5571,977.199,1
173,8,8068.78,7922.97,0
173,7,5440.24,9380.55
173,6,5634.52,1447.28
173,5,8240.58,9394.19
173,4,4982.81,1041.91
173,3,2110.48,8146.15
173,2,4438.1,755.25
174,11,6589.68,9618.06
174,10,5652.88,6934.8
174,9,5281.44,627.7,1
174,8,8226.56,7929.8,0
174,7,5572.49,9454.88
174,6,5706.78,1600.37
174,5,8139.22,9783.2
174,4,4915.1,1160.89
174,3,2006.26,8035.69
174,2,4600.96,727.186
175,11,6473.2,9535.98
175,10,6167,6842.22
175,9,4939.65,329.092,1
175,8,8383.35,7910.93,0
175,7,5723.71,9442.85
175,6,5871.46,1561.15
175,5,8139.22,9783.2
175,4,5046.97,1197.63
175,3,1901.2,7926.03
175,2,4762.06,764.053
176,11,6367.84,9440.05
176,10,6013.42,7341.53
176,9,4939.65,329.092,1
176,8,8540.5,7895.35,0
176,7,5709.63,9593.9
176,6,5940.88,1715.55
176,5,7840.23,9514.48
176,4,5066.83,1333.07
176,3,1778.08,7837.11
176,2,4927.04,773.687
177,11,6277.45,9329.9
177,10,5562.89,7605.93
177,9,4917.28,782.404,1
177,8,8687.69,7952.55,0
177,7,5768.97,9733.51
177,6,6074.07,1820.04
177,5,7573.35,9213.85
177,4,5192.77,1386.72
177,3,1660.49,7741.02
177,2,4979.16,930.516
178,11,6181.18,9224.85
178,10,5059.86,7746.83
178,9,5351.36,914.945,1
178,8,8829.95,8021.12,0
178,7,5914.61,9691.03
178,6,6242.83,1833.5
178,5,7280.64,8938.31
178,4,5304.21,1466.22
178,3,1544.59,7642.87
178,2,4815.1,950.417
179,11,6088.76,9116.4
179,10,4824.19,8213.04
179,9,5118.35,1304.43,1
179,8,8921.48,8149.81,0
179,7,6065.05,9710.6
179,6,6397.38,1902.58
179,5,6971.99,8680.75
179,4,5434.74,1424.97
179,3,1450.92,7523.34
179,2,4972.96,999.316
180,11,5979.46,9024.98
180,10,5343.18,8153.53
180,9,5566.41,1376.72,1
180,8,8764.67,8168.48,0
180,7,6201.11,9777.69
180,6,6371.91,2069.94
180,5,6716.47,8370.41
180,4,5489.57,1550.41
180,3,1341.98,7417.53
180,2,5082.8,1122.79
181,11,5881.46,8921.54
181,10,5820.48,8365.85
181,9,5306.85,1749.04,1
181,8,8918.12,8131.15,0
181,7,6127.12,9910.12
181,6,6260.74,1942.26
181,5,6395.15,8128.83
181,4,5429.6,1673.47
181,3,1248.83,7297.59
181,2,4917.77,1131.53
182,11,5771.13,8831.37
182,10,5999.03,8856.78
182,9,4925.36,1994.93,1
182,8,8921.25,8289.04,0
182,7,6127.12,9910.12
182,6,6121.69,1845.71
182,5,6136.67,7820.96
182,4,5415.04,1809.58
182,3,1137.39,7194.42
182,2,5082.43,1117.41
183,11,5660.72,8741.3
183,10,6406.02,9184.27
183,9,4993.21,2443.69,1
183,8,9074.43,8327.45,0
183,7,6031.06,9792.7
183,6,6249.1,1957.17
183,5,5868.18,7521.76
183,4,5551.65,1800.79
183,3,1035.59,7081.72
183,2,5143.84,1270.84
184,11,5552.07,8649.11
184,10,5962.29,9459.93
184,9,5422.42,2591.24,1
184,8,9075.35,8485.37,0
184,7,5916.01,9693.83
184,6,6382.95,2060.83
184,5,5599.73,7222.54
184,4,5687.15,1781.33
184,3,944.177,6960.45
184,2,5308.79,1280.97
185,11,5448.32,8551.44
185,10,5690.07,9905.8
185,9,5875.71,2568.42,1
185,8,8935.66,8559.01,0
185,7,5801.13,9594.75
185,6,6409.06,2228.09
185,5,5295.83,6959.39
185,4,5556.77,1739.63
185,3,835.577,6854.29
185,2,5441.58,1379.35
186,11,5333.44,8467.14
186,10,5690.07,9905.8
186,9,5812.73,3017.9,1
186,8,9093.32,8549.99,0
186,7,5693.14,9488.2
186,6,6492.47,2375.41
186,5,4987.29,6701.69
186,4,5693.43,1731.81
186,3,732.298,6742.95
186,2,5606.64,1371.22
187,11,5226.73,8372.71
187,10,5305.28,9552.49
187,9,5413.26,2802.46,1
187,8,9251.16,8555.15,0
187,7,5595.85,9371.8
187,6,6348.52,2286.32
187,5,4705.43,6415.06
187,4,5828.98,1712.64
187,3,615.971,6645.32
187,2,5759.49,1434.07
188,11,5116.49,8282.43
188,10,4936.95,9182.05
188,9,5856.67,2705.62,1
188,8,9378.06,8649.14,0
188,7,5500.5,9253.81
188,6,6511.83,2330.89
188,5,4453.83,6101.53
188,4,5964.18,1691.18
188,3,511.666,6534.94
188,2,5924.74,1435.24
189,11,5013.4,8184.07
189,10,4582.72,8798.1
189,9,6293.42,2829.06,1
189,8,9225.51,8689.98,0
189,7,5377.51,9165
189,6,6680.98,2323.93
189,5,4171.32,5815.54
189,4,6099.16,1668.36
189,3,402.036,6429.85
189,2,5948.96,1598.72
190,11,4922.08,8074.69
190,10,4198.47,8444.2
190,9,6744.96,2783.15,1
190,8,9266.89,8842.38,0
190,7,5270.83,9057.14
190,6,6512.62,2306.25
190,5,3872.54,5546.6
190,4,6233.81,1693.02
190,3,273.108,6349.59
190,2,5938.04,1763.62
191,11,4815.05,7980.62
191,10,3850.98,8054.15
191,9,7170.64,2940.6,1
191,8,9112.87,8877.29,0
191,7,5158.62,8955.05
191,6,6388.32,2421.17
191,5,3625.1,5229.77
191,4,6100.14,1663.48
191,3,177.323,6231.74
191,2,6012.25,1911.28
192,11,4728.3,7867.58
192,10,3496.69,7670.27
192,9,6755.73,3124.58,1
192,8,9267.73,8908.25,0
192,7,5057.05,8842.37
192,6,6308.14,2570.27
192,5,3352.66,4934.18
192,4,6218.9,1731.58
192,3,58.2162,6137.52
192,2,5868.95,1828.97
193,11,4641.42,7754.65
193,10,3146.9,7282.27
193,9,7075.53,3446.64,1
193,8,9166.35,9029.33,0
193,7,4975.87,8714.21
193,6,6397.39,2714.12
193,5,3123.83,4603.66
193,4,6240.53,1866.75
193,3,58.2162,6137.52
193,2,6034,1837.23
194,11,4547.36,7647.61
194,10,2789.68,6901.1
194,9,7352.46,3806.22,1
194,8,9108.97,9176.46,0
194,7,4867.3,8608.25
194,6,6557.28,2769.74
194,5,2871.79,4290.49
194,4,6332.32,1968.31
194,3,177.548,6231.45
194,2,6034.46,2002.49
195,11,4441.45,7552.28
195,10,2441.84,6511.36
195,9,7803.21,3753.11,1
195,8,9260.05,9130.47,0
195,7,4765.5,8495.78
195,6,6722.28,2807.6
195,5,2570.65,4024.18
195,4,6416.33,2076.4
195,3,327.782,6253.66
195,2,6167.46,2100.6
196,11,4331.76,7461.34
196,10,2088.19,6126.88
196,9,8169.12,4021.63,1
196,8,9143.92,9023.45,0
196,7,4662.18,8384.7
196,6,6834.16,2934.65
196,5,2237.68,3798.94
196,4,6498.84,2185.63
196,3,467.896,6312.24
196,2,6324.69,2151.49
197,11,4235.42,7356.36
197,10,1697.73,5779.84
197,9,7786.47,3777.55,1
197,8,9021.98,9123.8,0
197,7,4539.15,8295.95
197,6,6993.3,2992.38
197,5,1908.56,3568.12
197,4,6604.73,2272.39
197,3,618.51,6331.71
197,2,6478.22,2212.64
198,11,4133.49,7256.78
198,10,1286.77,5457.36
198,9,8123.57,4081.45,1
198,8,8884.44,9201.39,0
198,7,4425.32,8195.66
198,6,7144.88,3067.76
198,5,1651.48,3259.06
198,4,6561.83,2402.39
198,3,763.623,6376.49
198,2,6325.87,2148.6
199,11,4043.33,7146.45
199,10,868.59,5144.27
199,9,8561.91,3963.76,1
199,8,8959.36,9340.42,0
199,7,4325.55,8081.39
199,6,6976.11,3081
199,5,1347.97,2995.47
199,4,6466.73,2500.86
199,3,915.462,6373.64
199,2,6490.94,2156.58
200,11,3943.98,7044.3
200,10,559.763,4722.95
200,9,8776.94,4363.46,1
200,8,8908.32,9489.86,0
200,7,4219.35,7973.05
200,6,7011.54,3246.54
200,5,1086.35,2690.24
200,4,6507.58,2631.52
200,3,840.326,6505.62
200,2,6652.54,2122
201,11,3849.97,6937.22
201,10,194.709,4349.28
201,9,9176.81,4578.16,1
201,8,9059.64,9535.04,0
201,7,4097.4,7882.82
201,6,6893.38,3367.77
201,5,833.568,2377.67
201,4,6641.17,2601.65
201,3,966.537,6590.08
201,2,6809.53,2173.62
202,11,3752.44,6833.35
202,10,194.709,4349.28
202,9,8733.81,4676.86,1
202,8,9183.45,9633.07,0
202,7,4007.54,7760.6
202,6,6876.26,3536.19
202,5,502.946,2149
202,4,6505.16,2586.17
202,3,1098.76,6664.79
202,2,6972.01,2143.41
203,11,3650.12,6734.18
203,10,524.263,4754.6
203,9,8723.73,5130.61,1
203,8,9131.64,9782.25,0
203,7,3920.33,7636.47
203,6,7040.88,3496.69
203,5,172.986,1919.37
203,4,6549.41,2715.72
203,3,1250.42,6672.57
203,2,6984.76,2308.18
204,11,3524.11,6667.65
204,10,991.528,4521.03
204,9,8936.63,5531.44,1
204,8,9271.58,9855.42,0
204,7,3791.55,7556.28
204,6,7207.92,3469.19
204,5,172.986,1919.37
204,4,6674.44,2771.46
204,3,1401.5,6688.04
204,2,7093.41,2432.71
205,11,3426.19,6564.14
205,10,1510.72,4578.77
205,9,9153.94,5929.9,1
205,8,9428.77,9870.58,0
205,7,3709.92,7428.41
205,6,7266.83,3627.9
205,5,558.674,2032.72
205,4,6785.5,2851.49
205,3,1520.83,6781.98
205,2,7233.36,2520.6
206,11,3332.66,6456.65
206,10,990.823,4629.77
206,9,9586.39,5792.15,1
206,8,9575.99,9927.75,0
206,7,3617.86,7307.83
206,6,7287.96,3795.86
206,5,953.843,1958.93
206,4,6784.21,2988.38
206,3,1613.71,6902.13
206,2,7270.99,2681.52
207,11,3217.37,6372.91
207,10,1421.9,4924.84
207,9,9586.39,5792.15,1
207,8,9575.99,9927.75,0
207,7,3497.12,7215.98
207,6,7455.33,3770.42
207,5,1289.85,2179.62
207,4,6919.68,3008.07
207,3,1759.69,6943.98
207,2,7434.38,2656.72
208,11,3127.04,6262.71
208,10,1934.11,4822.24
208,9,9233.16,5507.16,1
208,8,9466.82,9813.64,0
208,7,3390.44,7108.13
208,6,7621.35,3737.34
208,5,954.093,2400.69
208,4,7056.58,3007.76
208,3,1807.47,7088.13
208,2,7598.13,2679
209,11,3020.7,6167.87
209,10,1421.6,4923.35
209,9,8888.87,5211.43,1
209,8,9344.75,9713.44,0
209,7,3275.97,7008.57
209,6,7733.06,3864.54
209,5,570.34,2280.96
209,4,7185.98,3052.43
209,3,1670.27,7153.26
209,2,7446.8,2612.6
210,11,2913.28,6074.25
210,10,970.241,5186.35
210,9,8552.72,4906.47,1
210,8,9241.17,9594.23,0
210,7,3153.07,6919.64
210,6,7902.15,3856.37
210,5,521.682,2680
210,4,7322.21,3065.82
210,3,1738.68,7288.84
210,2,7598.8,2677.46
211,11,2825.79,5961.78
211,10,483.155,4997.56
211,9,8246.56,4571.42,1
211,8,9128.93,9483.15,0
211,7,3039.72,6818.81
211,6,7739.28,3902.55
211,5,870.967,2879.01
211,4,7260.94,3188.24
211,3,1888.75,7265.5
211,2,7595.06,2842.67
212,11,2722.37,5863.75
212,10,77.5647,5326.79
212,9,7956.08,4222.69,1
212,8,9025.12,9364.14,0
212,7,2918.64,6727.42
212,6,7899.45,3847.74
212,5,1267.74,2814.43
212,4,7396.62,3206.49
212,3,2038.33,7239.25
212,2,7725.05,2944.72
213,11,2621.61,5763
213,10,77.5647,5326.79
213,9,7595.26,3947.38,1
213,8,8907.39,9258.88,0
213,7,2812.74,6618.8
213,6,8067.06,3871.54
213,5,950.876,3061.81
213,4,7517.9,3269.96
213,3,2173.61,7308.26
213,2,7856.55,3044.81
214,11,2511.17,5672.97
214,10,77.5647,5326.79
214,9,7267.21,3633.73,1
214,8,8792.37,9150.68,0
214,7,2703.89,6513.13
214,6,8232.56,3907.14
214,5,602.942,3263.16
214,4,7453.37,3390.69
214,3,2319.81,7267.2
214,2,8021.55,3035.44
215,11,2410.06,5572.57
215,10,540.09,5569.61
215,9,6894.2,3375.16,1
215,8,8675.69,9044.25,0
215,7,2613.01,6391.66
215,6,8300.43,4062.23
215,5,984.545,3389.58
215,4,7588.51,3368.84
215,3,2471.19,7279.42
215,2,8177.33,3090.6
216,11,2299,5483.29
216,10,150.252,5221.88
216,9,6561.74,3066.19,1
216,8,8565.8,8930.84,0
216,7,2494.76,6296.63
216,6,8430.71,4170.33
216,5,1274.27,3668.27
216,4,7459.82,3322.15
216,3,2524.98,7421.44
216,2,8081.92,3225.54
217,11,2177.04,5409.62
217,10,355.101,5702.43
217,9,6233.79,2752.44,1
217,8,8455.58,8817.75,0
217,7,2394.01,6183.21
217,6,8599.6,4181.93
217,5,1609.11,3890.72
217,4,7548.31,3426.6
217,3,2672.74,7386.34
217,2,8157.39,3372.56
218,11,2078.67,5306.54
218,10,355.101,5702.43
218,9,5873.55,2476.37,1
218,8,8345.84,8704.18,0
218,7,2270.77,6094.75
218,6,8716.62,4304.26
218,5,1244.61,4060.26
218,4,7584,3558.76
218,3,2803.15,7464.16
218,2,8319.84,3342.21
219,11,1972.14,5211.9
219,10,79.5952,5258.59
219,9,5527.84,2182.3,1
219,8,8234.34,8592.35,0
219,7,2156.2,5995.31
219,6,8857.57,4398.03
219,5,1629.11,4177.59
219,4,7720.01,3574.28
219,3,2952.38,7492.35
219,2,8155.12,3328.81
